id,title,budget
1,Project1,29498
2,Project2,32487
3,Project3,43909
4,Project4,15776
5,Project5,36268
6,Project6,41611
7,Project7,34003
8,Project8,49284
9,Project9,32341
10,Project10,47587
11,Project11,11705
12,Project12,10468
13,Project13,43238
14,Project14,30014
15,Project15,48116
16,Project16,19922
17,Project17,19061
18,Project18,10302
19,Project19,44986
20,Project20,19497
21,Project21,24330
22,Project22,18590
23,Project23,41615
24,Project24,11918
25,Project25,38909
26,Project26,36190
27,Project27,12615
28,Project28,43656
29,Project29,10935
30,Project30,24011
31,Project31,41980
32,Project32,12356
33,Project33,30110
34,Project34,16344
35,Project35,23931
36,Project36,4676
37,Project37,8806
38,Project38,21644
39,Project39,25942
40,Project40,42941
41,Project41,25387
42,Project42,24934
43,Project43,25745
44,Project44,22885
45,Project45,44531
46,Project46,9824
47,Project47,44773
48,Project48,41628
49,Project49,48774
50,Project50,18915
51,Project51,22346